id,x,y,deg
001_0,s-89.717454,s-89.386976,s220.585656
002_0,s-89.717454,s-89.386976,s220.585656
002_1,s-89.469908,s-89.073194,s294.309452
