id,x,y,deg
001_0,s0.309951,s0.251939,s318.089591
